{"components":{"com.analog.crosscore.ssldd.pinmux.component":{"resourceList":[],"createDate":"1341600785828","componentId":"com.analog.crosscore.ssldd.pinmux.component"},"com.analog.sourcegen.component.startup_ldf":{"resourceList":[],"createDate":"1341600785844","componentId":"com.analog.sourcegen.component.startup_ldf"},"com.analog.crosscore.addins.ssldd.twi":{"resourceList":[],"createDate":"1341600785875","componentId":"com.analog.crosscore.addins.ssldd.twi"},"com.analog.crosscore.addins.ssldd.ppi":{"resourceList":[],"createDate":"1341600785860","componentId":"com.analog.crosscore.addins.ssldd.ppi"},"com.analog.crosscore.addins.video_encoder_ei3.adv7511":{"resourceList":[],"createDate":"1341600785891","componentId":"com.analog.crosscore.addins.video_encoder_ei3.adv7511"},"com.analog.crosscore.addins.camera_ei3.mt9m114":{"resourceList":[],"createDate":"1341600785922","componentId":"com.analog.crosscore.addins.camera_ei3.mt9m114"}}}